Name,Email,Timestamp
,,
,,
,,
,,
,,
,,
abc,efgh,2025-08-27 06:52:46
pp,lll,2025-08-27 06:55:08
ass,dv,2025-08-27 08:49:29
dvdv,vdvd,2025-08-27 09:08:50
cscsc,vdcs,2025-08-27 09:15:14
vdvd,fef,2025-08-27 09:30:13
ljnl,l,2025-08-27 09:31:30
oho,oii,2025-08-27 09:34:33
huu,pi,2025-08-27 09:38:12
kui,i,2025-08-27 09:45:44
lho,ljn,2025-08-27 09:48:23
aa,ccc,2025-08-27 11:57:20
Afzal,pp,2025-08-27 12:00:16
laksf,jbg,2025-08-27 12:00:16
xax,xax,2025-08-27 12:52:19
lhoadc,ljd,2025-08-27 13:10:55
kh,jkh,2025-08-27 13:23:07
kac,pojspc,2025-08-27 13:33:20
ou,oho,2025-08-28 06:29:24
1123456,pouyte,2025-09-01 06:14:39
iluyu,kuhu,2025-09-01 11:25:37
sdsedw,wewew,2025-09-01 12:19:40
989,6556,2025-09-01 13:40:42
asdas,asdasd,2025-09-01 13:42:20
asd,asd,2025-09-01 13:54:13
asd,asd,2025-09-01 14:21:44
as,ass,2025-09-01 14:58:17
a,a,2025-09-01 15:03:47
s,a,2025-09-01 15:04:44
a,a,2025-09-01 15:05:07
a,a,2025-09-01 15:08:00
t,d,2025-09-01 15:09:04
dw,pp,2025-09-01 15:13:34
a,a,2025-09-01 15:14:00
a,a,2025-09-01 15:15:12
a,a,2025-09-01 15:24:34
asd,asd,2025-09-02 18:02:10
ads,ads,2025-09-02 18:03:31
asd,asd,2025-09-02 18:06:45
as,asd,2025-09-02 18:07:44
asd,asd,2025-09-02 18:10:30
asd,asd,2025-09-02 18:11:18
1,2,2025-09-03 17:52:59
kjkj,ddgg,2025-09-03 17:54:10
hgfghf,kiuhkjh,2025-09-03 17:55:28
asd,asd,2025-09-03 17:59:03
as,as,2025-09-08 15:35:58
x,x,2025-09-08 15:37:37
